country_code,rating,Company
Brazil,209,Advanced Inc
Brazil,974,Tech Corp
Germany,14,Innovative Solutions
United States,633,Innovative Industries
China,418,Digital Inc
Japan,437,Prime Inc
India,377,Prime Industries
Germany,20,Advanced Group
France,587,Global Corp
Japan,912,Smart Enterprises
France,755,Tech Enterprises
United States,735,Advanced Industries
Japan,70,Digital Solutions
United States,824,Advanced Industries
United Kingdom,211,Advanced Group
France,101,Global Systems
Germany,698,Smart Group
China,132,Digital Inc
Japan,623,Global Corp
Brazil,381,Tech Industries
Germany,132,Prime Corp
China,20,Smart Group
India,906,Digital Solutions
China,536,Digital Solutions
Japan,227,Prime Industries
France,154,Global Solutions
France,805,Advanced Corp
France,742,Global Enterprises
India,469,Smart Enterprises
United Kingdom,822,Advanced Enterprises
Japan,871,Innovative Inc
United States,405,Advanced Corp
United States,202,Prime Inc
United States,38,Advanced Solutions
India,942,Global Enterprises
France,772,Smart Enterprises
Brazil,188,Global Group
Brazil,57,Digital Solutions
India,941,Advanced Corp
India,20,Prime Inc
France,273,Global Systems
France,119,Digital Corp
India,583,Global Systems
Japan,516,Advanced Enterprises
Germany,221,Tech Enterprises
France,526,Tech Solutions
Brazil,515,Innovative Industries
Germany,728,Digital Inc
Brazil,741,Prime Enterprises
United States,336,Digital Solutions
France,698,Smart Group
France,55,Global Inc
China,500,Digital Inc
Japan,900,Tech Corp
Germany,888,Smart Corp
United States,766,Tech Solutions
Brazil,536,Global Corp
Germany,162,Tech Inc
United Kingdom,670,Digital Enterprises
United States,594,Innovative Group
Brazil,915,Advanced Enterprises
India,159,Prime Systems
Japan,188,Digital Group
India,60,Digital Corp
United Kingdom,915,Advanced Enterprises
United States,817,Smart Enterprises
China,319,Global Solutions
United Kingdom,878,Tech Solutions
United States,211,Tech Enterprises
Brazil,406,Global Inc
France,664,Global Enterprises
Japan,109,Innovative Systems
India,76,Smart Group
Japan,542,Prime Inc
United Kingdom,314,Advanced Group
Japan,998,Advanced Corp
Brazil,117,Innovative Group
United States,927,Digital Group
India,868,Prime Industries
United Kingdom,704,Tech Industries
France,19,Tech Systems
Brazil,432,Tech Systems
Japan,685,Smart Enterprises
France,740,Tech Solutions
India,350,Advanced Group
Brazil,183,Advanced Group
France,113,Global Corp
France,183,Tech Group
Germany,481,Global Group
Brazil,146,Tech Industries
United Kingdom,831,Digital Solutions
United Kingdom,628,Smart Enterprises
Germany,113,Prime Inc
Germany,763,Advanced Solutions
United Kingdom,476,Global Solutions
Germany,763,Global Group
Germany,303,Prime Inc
United Kingdom,971,Innovative Group
Brazil,825,Tech Inc
France,118,Tech Solutions
